,ATM Attack Event Database ,,,,,,,,,,,,,,,,,,,,,,,,,,,,,,,,,,,,,,,,,,,,,,,,
,,,,,,,,,,,,,,,,,,,,,,,,,,,,,,,,,,,,,,,,,,,,,,,,,
BASIC INFORMATION,BASIC INFORMATION,,,,,,,,,,,,,,,,,,,,,,,,,,,,,,FINANCIAL LOSS INFORMATION,,,,,,ATTACK INFORMATION,,,,,,BASEL INFORMATION,,,,RECOVERY INFORMATION,,
ATM0,ATM_ID,ATM0,ATM_ID2,ATM_ID4,ATM_ID3,MWay_Dist,Police_Dis,PARISH,NUMBER,N_INCOME,INCOME,N_DENSITY,DENSITY,N_AGE,AGE,N_UNP_RATE,UNP_RATE,N_COM_DENS,COM_DENS,Reported_by,Event_Date,Detection_Date,Accounting_Date,Year_Accounting_date,Event_Cause,Cause_Categorization,N_Implementation_Type,Implementation_Type2,Event_Description,Event_Status,Gross_Loss_Amount,Indirect_Loss_Amount,Net_Loss_Amount,N_Attack_L0,N_Attack_L1,N_Attack_L2,Attack_Type_L1,Attack_Type_L2,Persona_Profile1,Persona_Profile2,Attack_average_ duration (hours),Successful_Attack,Event_Type_A_L1,Event_Type_A_L2,Event_Type_B_L1,Event_Type_B_L2,Recovered,Recovered_Amount,Recovery_Date
4,BPI17,4,BPI17AT01,BPI17AT0101,BPI17AT010103. Cash Trapping,195.35,898.57,7,0,5,52,2,8.06,2,39,1,4,2,9,Customer,15-6-15 19:00,21-6-15 14:00,30-6-15 0:00,2015,fraudulent activity,CC4. External Events,3,I3. Hole-in-the-Wall,"Tres criminales colocan dispositivos de cash trapping en varios cajeros, durante un pequeño periodo de tiempo. Obtienen 25 en una hora intercalada. ",ES2. Closed,25 €,,25 €,1,0101,010103,AT0101. Physical - Fraud,AT010103. Cash Trapping,Thief,,1,R1. Yes,ET2. External fraud,ET21. External theft and fraud,,,R2. No,0 €,
4,BPI17,4,BPI17AT01,BPI17AT0101,BPI17AT010102. Card Trapping,195.35,898.57,7,0,5,52,2,8.06,2,39,1,4,2,9,Customer,11-9-15 22:00,1-9-15 10:30,30-9-15 0:00,2015,fraudulent activity,CC4. External Events,3,I3. Hole-in-the-Wall,"Un criminal instala un dispositivo de card trapping y una cámara en el ATM junto a un cine 45 minutos antes del inicio de una película de éxito en taquilla. Cuando al usuario le indican por teléfono que vuelva mañana, se marcha y el criminal aprovecha para robarle la tarjeta. ",ES2. Closed,850 €,,850 €,1,0101,010102,AT0101. Physical - Fraud,AT010102. Card Trapping,Thief,,0.41,R1. Yes,ET2. External fraud,ET21. External theft and fraud,,,R2. No,,
4,BPI17,4,BPI17AT01,BPI17AT0101,BPI17AT010101. Card Skimming,195.35,898.57,7,0,5,52,2,8.06,2,39,1,4,2,9,Customer,12-12-14 10:00,12-12-14 16:00,30-12-14 12:00,2014,Lack of Awareness cardholder,CC4. External Events,3,I3. Hole-in-the-Wall,"13 customers were attacked when they used the cards in a atm with fake hardware.The objective of that was to copy the customers cards.
A client warn stuff when detected a strange device.The device was found.As a result 10 unauthorized operations were made.",ES2. Closed,"3,000 €",0 €,"3,000 €",1,0101,010101,AT0101. Physical - Fraud,AT010101. Card Skimming,Thief,,1,R1. Yes,ET2. External fraud,ET21. External theft and fraud,,,R2. No,0 €,
4,BPI17,4,BPI17AT02,BPI17AT0201,BPI17AT020101. Malware installation,195.35,898.57,7,0,5,52,2,8.06,2,39,1,4,2,9,Information security staff,12-2-15 10:00,12-2-15 10:00,31-3-15 0:00,2014,Unauthorised asset use,CC1. People,5,I5. Other,El adminitrador de la red de ATM introdujo un USB (originalmente infectado en su computador personal)  sin tener conocimiento de ello. Sin embargo los procesos internos de seguridad de información detectaron software malicioso asociado a malware de ATMs.,ES2. Closed,0 €,0 €,0 €,2,0201,020101,AT0201. Logical - ATM Network,AT020101. Malware installation,Organized Criminal,,30,R2. No,ET2. External fraud,ET22. System security ,,,,,
3,CP01,3,CP01AT01,CP01AT0101,CP01AT010103. Cash Trapping,190.83,568.68,7,0,5,56,1,0.00,2,35,1,2,2,9,Customer,4-6-11 21:30,6-6-11 16:00,30-6-11 0:00,2011,fraudulent activity,CC4. External Events,3,I3. Hole-in-the-Wall,"Un criminal instala un dispositivo de cash trapping en un ATM en una zona de bares 15 minutos antes del descanso de un importante partido de fútbol durante el mundial de fútbol. Durante el descanso, varias personas en estado de exhaltación por el partido intentan sacar dinero sin éxito. 5 minutos antes de que finalice el descanso todo el mundo vuelve al interior de los bares. El criminal saca el dispositivo y 70€.  ",ES2. Closed,70 €,,70 €,1,0101,010103,AT0101. Physical - Fraud,AT010103. Cash Trapping,Thief,,0.41,R1. Yes,ET2. External fraud,ET21. External theft and fraud,,,R2. No,0 €,
3,CP01,3,CP01AT01,CP01AT0101,CP01AT010101. Card Skimming,190.83,568.68,7,0,5,56,1,0.00,2,35,1,2,2,9,Maintenance Provider L,19-1-10 16:30,23-1-10 16:30,28-2-10 12:00,2010,fraudulent activity,CC4. External Events,3,I3. Hole-in-the-Wall,The manipulation in the atm was clear and detected by the maintenance stuff.The amount of cloned cards was estimated in 13 cards.Also is estimated the use of pin hole camera and fake card slot to perform the attack.,ES2. Closed,"6,890 €",0 €,"6,890 €",1,0101,010101,AT0101. Physical - Fraud,AT010101. Card Skimming,Organized Criminal,,4,R1. Yes,ET2. External fraud,ET21. External theft and fraud,,,R2. No,0 €,
3,CP01,3,CP01AT01,CP01AT0101,CP01AT010101. Card Skimming,190.83,568.68,7,0,5,56,1,0.00,2,35,1,2,2,9,Customer,9-6-14 12:00,29-6-14 19:30,30-7-14 12:00,2014,fraudulent activity,CC4. External Events,1,I1. Bank Branches,"The attacker used a fake card reader in the bank branche, resulting in 19 customers cards compromised.The incident was detected due a internet fraud.",ES2. Closed,"8,250 €",0 €,"8,250 €",1,0101,010101,AT0101. Physical - Fraud,AT010101. Card Skimming,Organized Criminal,,2,R1. Yes,ET2. External fraud,ET21. External theft and fraud,,,R2. No,0 €,
3,CP52,3,CP52AT01,CP52AT0101,CP52AT010101. Card Skimming,766.67,1432.30,11,1,5,52,1,4.63,2,34,2,9,2,18,Customer,5-1-10 15:00,30-1-10 18:00,28-2-10 12:00,2014,fraudulent activity,CC4. External Events,4,I4. Retail store,The attack has done In a big retail store with many atms.The Atm  was compromised with a skimmer and not detection from anti skimming sensor found. The detection of the condition go on for many weeks.40 cards were cloned in the attack.,ES2. Closed,"5,000 €",0 €,"5,000 €",1,0101,010101,AT0101. Physical - Fraud,AT010101. Card Skimming,Organized Criminal,,16,R1. Yes,ET2. External fraud,ET21. External theft and fraud,,,R2. No,0 €,
3,CP52,3,CP52AT01,CP52AT0101,CP52AT010101. Card Skimming,766.67,1432.30,11,1,5,52,1,4.63,2,34,2,9,2,18,Customer,3-5-12 15:00,12-5-12 10:00,30-5-12 12:00,2012,fraudulent activity,CC4. External Events,3,I3. Hole-in-the-Wall,The data from 27 customers were stoled.Maybe the device used to make the attack were pressure sensors over the keyboard a pinhole camera.,ES2. Closed,"12,100 €",0 €,"12,100 €",1,0101,010101,AT0101. Physical - Fraud,AT010101. Card Skimming,Organized Criminal,,6,R1. Yes,ET2. External fraud,ET21. External theft and fraud,,,R2. No,0 €,
3,CP52,3,CP52AT01,CP52AT0101,CP52AT010103. Cash Trapping,766.67,1432.30,11,1,5,52,1,4.63,2,34,2,9,2,18,Customer,5-5-12 11:00,10-5-12 10:45,30-5-12 0:00,2014,fraudulent activity,CC4. External Events,1,I1. Bank Branches,"Tres criminales colocan dispositivos de cash trapping en varios cajeros, durante pequeños periodos y a lo largo de una mañana. Obtienen 170 euros en apenas 3 horas intercaladas. ",ES2. Closed,170 €,,170 €,1,0101,010103,AT0101. Physical - Fraud,AT010103. Cash Trapping,Thief,,3,R1. Yes,ET2. External fraud,ET21. External theft and fraud,,,R2. No,0 €,
3,ST98,3,ST98AT01,ST98AT0102,ST98AT010201. Explosive & Gas,192.28,1143.74,2,2,3,36,2,11.58,4,50,4,15,2,9,Police,17-10-12 3:20,17-10-12 3:27,30-10-12 0:00,2012,Break up the safe box and take the money,CC4. External Events,1,I1. Bank Branches,Three (3) ATMs were attacked at 3:20 with GAS generating heavy damage over the branch. The 2 perpetrators took 15.000 euros in cash but they were captured by police when they try to escape taking the highway and the cash was recovered.,ES2. Closed,"50,000 €","65,000 €","65,000 €",1,0102,010201,AT0102. Physical -No Fraud,AT010201. Explosive & Gas,Organized Criminal,,0.08,R2. No,ET2. External fraud,ET21. External theft and fraud,ET5. Damage to physical assets,ET51. Disaster and other events,R1. Yes,"50,000 €",12-3-13 0:00
3,ST98,3,ST98AT01,ST98AT0102,ST98AT010201. Explosive & Gas,192.28,1143.74,2,2,3,36,2,11.58,4,50,4,15,2,9,Police,29-11-10 2:00,29-11-10 2:30,15-12-10 0:00,2014,Break up the safe box and take the money,CC4. External Events,4,I4. Retail store,Two ATMs were attacked by GAS into the shopping mall. One of ATMs (18.000) was protected with dye pack and the notes were destroyed with ink. Other ATM (15.000) without dye pack had 8.000 euros and the perpetrators run away. The police could not take them. the damage on the infrastructure into the shopping mall were less than 11.000 euros,ES2. Closed,"41,000 €",0 €,0 €,1,0102,010201,AT0102. Physical -No Fraud,AT010201. Explosive & Gas,Organized Criminal,,0.05,R1. Yes,ET2. External fraud,ET21. External theft and fraud,ET5. Damage to physical assets,ET51. Disaster and other events,R1. Yes,"41,000 €",15-4-11 0:00
3,ST98,3,ST98AT01,ST98AT0102,ST98AT010201. Explosive & Gas,192.28,1143.74,2,2,3,36,2,11.58,4,50,4,15,2,9,Police,22-2-15 2:00,22-2-15 3:00,30-3-15 0:00,2015,Break up the safe box and take the money,CC4. External Events,3,I3. Hole-in-the-Wall,"The ATM had 3500 euros into the cassettes and it was destroyed using GAS (15K euros). Also, the infrastructure suffered physical damaged with a value of 30K euros. The police reported 3 people (masked) in a Van with equipment (GAS Tank, etc.) to destroy the ATM and take the money.",ES2. Closed,"18,500 €","30,000 €","33,500 €",1,0102,010201,AT0102. Physical -No Fraud,AT010201. Explosive & Gas,Thief,,0.03,R1. Yes,ET2. External fraud,ET21. External theft and fraud,ET5. Damage to physical assets,ET51. Disaster and other events,R1. Yes,"15,000 €",12-6-15 0:00
2,BB07,2,BB07AT01,BB07AT0101,BB07AT010103. Cash Trapping,719.80,1371.94,11,1,6,58,3,20.09,1,29,2,8,2,18,Customer,20-10-15 21:30,25-10-15 12:40,31-10-15 0:00,2015,fraudulent activity,CC4. External Events,3,I3. Hole-in-the-Wall,Un criminal instala un dispositivo de cash trapping en un ATM en una zona de bares 15 minutos antes del descanso de un importante partido de fútbol durante el mundial de fútbol. 5 minutos antes de que finalice el descanso todo el mundo vuelve al interior de los bares. El criminal saca el dispositivo y 80 €.  ,ES2. Closed,80 €,,80 €,1,0101,010103,AT0101. Physical - Fraud,AT010103. Cash Trapping,Thief,,0.41,R1. Yes,ET2. External fraud,ET21. External theft and fraud,,,R2. No,0 €,
2,BB07,2,BB07AT01,BB07AT0101,BB07AT010101. Card Skimming,719.80,1371.94,11,1,6,58,3,20.09,1,29,2,8,2,18,Bank personal,29-6-15 15:15,29-6-15 17:30,30-7-15 12:00,2015,fraudulent activity,CC4. External Events,1,I1. Bank Branches,14 cards were compromised and copied for two hours.As a result from this fraud client data were stoled and unauthorized purchases. The fake device was not found.,ES2. Closed,"5,640 €",500 €,"6,140 €",1,0101,010101,AT0101. Physical - Fraud,AT010101. Card Skimming,Thief,,2,R1. Yes,ET2. External fraud,ET21. External theft and fraud,,,R2. No,0 €,
2,BB12,2,BB12AT01,BB12AT0101,BB12AT010101. Card Skimming,601.60,1245.62,11,1,4,40,4,33.16,1,28,3,12,2,9,Customer,16-4-11 11:00,16-4-11 16:00,30-4-11 12:00,2014,Lack of Awareness cardholder,CC4. External Events,3,I3. Hole-in-the-Wall,"The outside atm was manipulated by an attacker with the intention to copy cards.
The device was not found.It is supposed that an skimmer was used.
",ES2. Closed,"5,320 €",0 €,"5,320 €",1,0101,010101,AT0101. Physical - Fraud,AT010101. Card Skimming,Thief,,10,R1. Yes,ET2. External fraud,ET21. External theft and fraud,,,R2. No,0 €,
2,BB12,2,BB12AT01,BB12AT0101,BB12AT010101. Card Skimming,601.60,1245.62,11,1,4,40,4,33.16,1,28,3,12,2,9,Fraud unit,2-12-11 9:00,10-12-11 13:00,30-12-11 12:00,2011,fraudulent activity,CC4. External Events,4,I4. Retail store,"Skimming attack in the retail store.The attacker and the personal put a fake device,the devide wa able to copy to many cards was detected.
The cards of 80 customers were compromised.",ES2. Closed,"14,000 €",0 €,"14,000 €",1,0101,010101,AT0101. Physical - Fraud,AT010101. Card Skimming,Organized Criminal,,8,R1. Yes,ET2. External fraud,ET21. External theft and fraud,,,R2. No,0 €,
2,BPI85,2,BPI85AT01,BPI85AT0101,BPI85AT010101. Card Skimming,307.26,861.07,7,1,5,52,2,8.06,3,42,2,6,2,9,Customer,27-7-10 14:00,8-8-10 16:00,30-9-10 12:00,2010,fraudulent activity,CC4. External Events,3,I3. Hole-in-the-Wall,"67 cards were copied in the period.
With thouse cards were done unauthorized paids and cash services.",ES2. Closed,"8,300 €",0 €,"8,300 €",1,0101,010101,AT0101. Physical - Fraud,AT010101. Card Skimming,Organized Criminal,,10,R1. Yes,ET2. External fraud,ET21. External theft and fraud,,,R2. No,0 €,
2,BPI85,2,BPI85AT01,BPI85AT0101,BPI85AT010101. Card Skimming,307.26,861.07,7,1,5,52,2,8.06,3,42,2,6,2,9,Maintenance Provider B,5-1-15 5:00,6-1-15 7:00,31-1-15 12:00,2015,fraudulent activity,CC4. External Events,3,I3. Hole-in-the-Wall,"32 cards from cardholders were attacked,the investigation estimated that a fake keyboard and pin camera were used.Authorities found the atm has been manipulated.",ES2. Closed,"8,590 €",0 €,"8,590 €",1,0101,010101,AT0101. Physical - Fraud,AT010101. Card Skimming,Organized Criminal,,24,R1. Yes,ET2. External fraud,ET21. External theft and fraud,,,R2. No,0 €,
2,BPI89,2,BPI89AT01,BPI89AT0101,BPI89AT010102. Card Trapping,228.67,875.52,7,1,5,52,2,8.06,3,42,2,6,2,9,Customer,30-10-15 9:00,30-10-15 9:15,31-10-15 0:00,2015,fraudulent activity,CC4. External Events,1,I1. Bank Branches,"Una banda organizada instala un dispositivo de cash trapping  y una cámara en un ATM. Un compañero espera en un bar cercano observando la zona. Cuando han un usuario va a reclamar a la sucursal aprovecha para bajarse del coche y coger la tarjeta. Al haber visto por la cámara el pin, cosigue irse a otro cajero y sacar 950 €",ES2. Closed,950 €,,950 €,1,0101,010102,AT0101. Physical - Fraud,AT010102. Card Trapping,Organized Criminal,,0.16,R1. Yes,ET2. External fraud,ET21. External theft and fraud,,,R2. No,,
2,BPI89,2,BPI89AT01,BPI89AT0101,BPI89AT010101. Card Skimming,228.67,875.52,7,1,5,52,2,8.06,3,42,2,6,2,9,Bank personal,20-10-11 16:30,6-11-11 10:00,30-11-11 12:00,2011,fraudulent activity,CC4. External Events,1,I1. Bank Branches,An skimmer over the authentic card reader was installed.The porpouse of them was to copy the cards and user pin.The information has been sent to a remote attacker .The attacker can not recovery the device detected by sutff.,ES2. Closed,"7,400 €",0 €,"7,400 €",1,0101,010101,AT0101. Physical - Fraud,AT010101. Card Skimming,Organized Criminal,,10,R1. Yes,ET2. External fraud,ET21. External theft and fraud,,,R2. No,0 €,
2,BPI95,2,BPI95AT01,BPI95AT0101,BPI95AT010101. Card Skimming,382.42,1000.02,11,1,5,50,3,16.78,1,26,2,7,2,9,Maintenance Provider E,4-7-12 14:45,11-8-12 10:00,30-8-12 12:00,2012,fraudulent activity,CC4. External Events,4,I4. Retail store,In this phisic attack 15 customers cards were compromied due an copy action in the atm across a publiv event.The cards were used for unauthorized operation over internet.,ES2. Closed,"4,800 €",0 €,"4,800 €",1,0101,010101,AT0101. Physical - Fraud,AT010101. Card Skimming,Thief,,6,R1. Yes,ET2. External fraud,ET21. External theft and fraud,,,R2. No,0 €,
2,BPI95,2,BPI95AT01,BPI95AT0101,BPI95AT010102. Card Trapping,382.42,1000.02,11,1,5,50,3,16.78,1,26,2,7,2,9,Customer,6-6-12 23:30,7-6-12 12:00,30-6-12 0:00,2012,fraudulent activity,CC4. External Events,3,I3. Hole-in-the-Wall,"Un ATM cerca de una zona de salidas nocturas tiene un dispositivo de card trapping. Los usuarios, al no poder hacer nada con su tarjeta, llaman por teléfono y en atención al cliente se les indica que esperen al día siguiente. Se marchan y el atacante aprovecha para sacar la tarjeta y efectuar transacciones. Se repite con varios clientes.",ES2. Closed,"1,000 €",,"1,000 €",1,0101,010102,AT0101. Physical - Fraud,AT010102. Card Trapping,Thief,,0.41,R1. Yes,ET2. External fraud,ET21. External theft and fraud,,,R2. No,,
2,CGD02,2,CGD02AT01,CGD02AT0102,CGD02AT010201. Explosive & Gas,479.89,1367.56,11,1,6,60,1,0.12,1,27,2,8,2,9,Police,6-11-14 2:50,6-11-14 5:00,1-12-14 0:00,2014,Break up the safe box and take the money,CC4. External Events,4,I4. Retail store,The ATM was destroyed and the infrastructure suffered physical damaged with a value of 40K euros. The police can not take the perpetrators. The perpetrators did not have enough time to take the money.,ES2. Closed,"12,000 €",0 €,0 €,1,0102,010201,AT0102. Physical -No Fraud,AT010201. Explosive & Gas,Thief,,0.18,R2. No,ET2. External fraud,ET21. External theft and fraud,ET5. Damage to physical assets,ET51. Disaster and other events,R1. Yes,"12,000 €",30-3-15 0:00
2,CGD02,2,CGD02AT01,CGD02AT0102,CGD02AT010201. Burglary,479.89,1367.56,11,1,6,60,1,0.12,1,27,2,8,2,9,Retail store owner,25-2-10 23:10,26-2-10 7:30,31-3-10 0:00,2014,Robbery,CC4. External Events,4,I4. Retail store,"4 criminals attacked an ATM located in a shopping mall, break in the ATM with a blunt object generating ATM damaged  by 5000 euros and taking 7000 euros from the cassettes. The infrastructure of the retail store suffered damaged by 4000 euros",ES2. Closed,"12,000 €",,0 €,1,0102,010201,AT0102. Physical -No Fraud,AT010201. Burglary,Thief,,0.05,R1. Yes,ET2. External fraud,ET21. External theft and fraud,,,R1. Yes,"12,000 €",31-7-10 0:00
2,CGD42,2,CGD42AT01,CGD42AT0101,CGD42AT010103. Cash Trapping,344.03,687.16,5,1,5,54,2,15.26,1,25,3,11,2,9,Customer,4-3-11 16:30,11-3-11 10:00,31-3-11 0:00,2011,fraudulent activity,CC4. External Events,3,I3. Hole-in-the-Wall,"Un criminal instala un dispositivo de cash trapping en el ATM. El criminal finge estar en la cola para sacar dinero. Después de que varias personas se fueran sin su dinero, un hombre pregunta. El criminal le informa de que está roto, por lo que el hombre se marcha, aprovechando el criminal para sacar el dinero recaudado. ",ES2. Closed,60 €,,60 €,1,0101,010103,AT0101. Physical - Fraud,AT010103. Cash Trapping,Thief,,0.6,R1. Yes,ET2. External fraud,ET21. External theft and fraud,,,R2. No,0 €,
2,CGD42,2,CGD42AT01,CGD42AT0101,CGD42AT010102. Card Trapping,344.03,687.16,5,1,5,54,2,15.26,1,25,3,11,2,9,Customer,5-12-12 12:15,5-12-12 12:30,31-5-11 0:00,2012,fraudulent activity,CC4. External Events,1,I1. Bank Branches,Dos criminales colocan un dispostivo de card trapping y una cámara. Uno espera en el coche mientras que el otro merodea por el ATM. Cuando el cliente va a avisar al banco de que su tarjeta se ha quedado atascada el criminal aprovechan y con el coche se van a otro cajero junto. El del coche ha apuntado el pin gracias a la cámara. Consiguen 780 €. ,ES2. Closed,780 €,,780 €,1,0101,010102,AT0101. Physical - Fraud,AT010102. Card Trapping,Thief,,0.25,R1. Yes,ET2. External fraud,ET21. External theft and fraud,,,R2. No,,
2,CP56,2,CP56AT01,CP56AT0101,CP56AT010101. Card Skimming,383.84,1026.28,7,1,6,60,1,0.07,3,41,2,8,2,9,Maintenance Provider C,20-2-15 14:00,16-3-15 7:00,30-3-15 0:00,2015,fraudulent activity,CC4. External Events,4,I4. Retail store,"Atm was compromised with a external skimmer and pinhole camera.
As a result of the fraud 135 cards were compromised.",ES2. Closed,"15,020 €","1,000 €","16,020 €",1,0101,010101,AT0101. Physical - Fraud,AT010101. Card Skimming,Organized Criminal,Disgruntled Employee,576,R1. Yes,ET1. Internal fraud,ET12. Internal theft and fraud,ET2. External fraud,ET21. External theft and fraud,R2. No,0 €,
2,CP56,2,CP56AT01,CP56AT0101,CP56AT010101. Card Skimming,383.84,1026.28,7,1,6,60,1,0.07,3,41,2,8,2,9,Customer,7-2-12 10:00,9-2-12 10:00,28-2-12 12:00,2012,fraudulent activity,CC4. External Events,4,I4. Retail store,Unauthorized clone activity detected in a outside atm.,ES2. Closed,"5,900 €",0 €,"5,900 €",1,0101,010101,AT0101. Physical - Fraud,AT010101. Card Skimming,Organized Criminal,,8,R1. Yes,ET2. External fraud,ET21. External theft and fraud,,,R2. No,0 €,
2,CP60,2,CP60AT01,CP60AT0101,CP60AT010104. Transaction Reversal,321.96,711.72,15,2,3,38,1,1.00,3,45,4,14,2,9,Bank personal,14-7-12 12:00,14-7-12 15:00,31-7-12 0:00,2012,fraudulent activity,CC4. External Events,3,I3. Hole-in-the-Wall,"Un criminal introduce una tarjeta robada, en zonas socioeconómicas altas, en un ATM. A continuación saca solo la mitad del dinero, de tal manera que el cajero vuelve a meterlo todo. Obtiene 450€",ES2. Closed,450 €,,450 €,1,0101,010104,AT0101. Physical - Fraud,AT010104. Transaction Reversal,Thief,,0.06,R1. Yes,ET2. External fraud,ET21. External theft and fraud,,,R2. No,,
2,CP60,2,CP60AT01,CP60AT0101,CP60AT010103. Cash Trapping,321.96,711.72,15,2,3,38,1,1.00,3,45,4,14,2,9,Customer,13-4-12 19:00,18-4-12 11:00,30-4-12 0:00,2012,fraudulent activity,CC4. External Events,3,I3. Hole-in-the-Wall,"2 criminales organizados. Uno de los criminales va colocando dispositivos de cash trapping en diferentes cajeros de una ruta programada. 40 minutos más tarde, el compinche sigue la misma ruta cogiendo los dispositivos y el posible dinero que pueda haber. Por una ruta de 5 cajeros han sacado 250 €. ",ES2. Closed,250 €,,250 €,1,0101,010103,AT0101. Physical - Fraud,AT010103. Cash Trapping,Organized Criminal,,0.6,R1. Yes,ET2. External fraud,ET21. External theft and fraud,,,R2. No,0 €,
2,MG98,2,MG98AT01,MG98AT0101,MG98AT010101. Card Skimming,595.16,903.66,11,1,4,44,4,27.13,2,33,3,13,2,18,Maintenance Provider B,2-11-14 14:30,5-12-14 18:30,30-12-14 12:00,2014,Lack of Awareness cardholder,CC4. External Events,3,I3. Hole-in-the-Wall,53 cards were compromised due fraud with a skimmer.The device was not found. Resulting of 39 unauthorized operations.,ES2. Closed,"15,600 €",0 €,"15,600 €",1,0101,010101,AT0101. Physical - Fraud,AT010101. Card Skimming,Organized Criminal,,4,R1. Yes,ET2. External fraud,ET21. External theft and fraud,,,R2. No,0 €,
2,MG98,2,MG98AT01,MG98AT0101,MG98AT010102. Card Trapping,595.16,903.66,11,1,4,44,4,27.13,2,33,3,13,2,18,Customer,26-3-15 19:40,27-3-15 11:00,31-3-15 0:00,2015,fraudulent activity,CC4. External Events,3,I3. Hole-in-the-Wall,"Un criminal coloca un dispositivo de card trapping en un ATM de una zona comercial y finge hablar por teléfono al lado del cajero. Cuando un usuario se da cuenta de que su tarjeta está bloqueada el criminal le recomienda que ponga el pin para desbloquearla. Al no poder sacarla hasta que vaya un operario, se marcha. El criminal aprovecha para sacar dinero con la tarjeta en esa sucursal. Consiguen 800 €. ",ES2. Closed,800 €,,800 €,1,0101,010102,AT0101. Physical - Fraud,AT010102. Card Trapping,Thief,,0.5,R1. Yes,ET2. External fraud,ET21. External theft and fraud,,,R2. No,,
2,ST22,2,ST22AT01,ST22AT0102,ST22AT010201. Vandalism,724.47,1292.06,7,1,5,50,1,0.00,3,45,2,6,2,9,Internal employee - Branch office,4-1-15 19:00,5-1-15 8:00,30-6-15 0:00,2015,Strike,CC4. External Events,1,I1. Bank Branches,"During the strike, some people generated damages on the ATM screen and destroyed the glass door of the branch office",ES2. Closed,"4,100 €","6,000 €","6,000 €",1,0102,010201,AT0102. Physical -No Fraud,AT010201. Vandalism,Radical Activist,Anarchist,0.1,R1. Yes,ET5. Damage to physical assets,ET51. Disaster and other events,,,R1. Yes,"4,100 €",31-5-15 0:00
2,ST22,2,ST22AT01,ST22AT0101,ST22AT010102. Card Trapping,724.47,1292.06,7,1,5,50,1,0.00,3,45,2,6,2,9,Customer,16-4-13 19:45,17-4-13 10:30,30-4-13 0:00,2014,fraudulent activity,CC4. External Events,3,I3. Hole-in-the-Wall,"Un criminal coloca un dispositivo de card trapping en un ATM de una zona de ocio y finge hablar por teléfono al lado del cajero. Cuando un usuario se da cuenta de que su tarjeta está bloqueada el criminal le recomienda que ponga el pin para desbloquearla. Al no poder sacarla hasta que vaya un operario, se marcha. El criminal aprovecha para sacar dinero con la tarjeta en esa sucursal. Consiguen 850€. ",ES2. Closed,850 €,,850 €,1,0101,010102,AT0101. Physical - Fraud,AT010102. Card Trapping,Thief,,0.25,R1. Yes,ET2. External fraud,ET21. External theft and fraud,,,R2. No,,
2,ST23,2,ST23AT01,ST23AT0101,ST23AT010103. Cash Trapping,410.48,702.13,15,2,3,38,1,1.00,4,50,4,18,2,9,Retail store staff,15-12-11 17:00,15-12-11 17:40,31-12-11 0:00,2012,fraudulent activity,CC4. External Events,4,I4. Retail store,"1 criminal coloca un dispositivo de cash trapping en un ATM dentro de un centro comercial. Las cámaras de seguridad del centro comercial en directo lo detectan y envían a los vigilantes de seguridad que le pillan in fraganti, 40 minutos después, durante la recogida del dispositivo y el dinero. ",ES2. Closed,0 €,,0 €,1,0101,010103,AT0101. Physical - Fraud,AT010103. Cash Trapping,Thief,,0.6,R2. No,ET2. External fraud,ET21. External theft and fraud,,,R2. No,0 €,
2,ST23,2,ST23AT01,ST23AT0101,ST23AT010102. Card Trapping,410.48,702.13,15,2,3,38,1,1.00,4,50,4,18,2,9,Customer,15-1-14 11:30,15-1-14 11:45,31-1-14 0:00,2014,fraudulent activity,CC4. External Events,1,I1. Bank Branches,"1 criminal instala un dispositivo de cash trapping  y una cámara en un ATM y se marcha. Mientras tanto, su compañero espera en un bar cercano observando la zona. Cuando han un usuario va a reclamar a la sucursal aprovecha para bajarse del coche y coger la tarjeta. Al haber visto por la cámara el pin, cosigue irse a otro cajero y sacar 900 €",ES2. Closed,900 €,,900 €,1,0101,010102,AT0101. Physical - Fraud,AT010102. Card Trapping,Thief,,0.5,R1. Yes,ET2. External fraud,ET21. External theft and fraud,,,R2. No,,
1,BB16,1,BB16AT01,BB16AT0101,BB16AT010101. Card Skimming,679.20,976.78,11,1,5,52,4,26.89,1,28,3,12,2,9,Maintenance Provider E,24-3-13 8:00,24-3-13 8:00,30-4-13 12:00,2013,fraudulent activity,CC4. External Events,1,I1. Bank Branches,"Attempt to fraud over Atm,the attacker was surprised by maintenance provider.The card lector and a camera were found and running in the atm.The compromised cards could not be used.",ES2. Closed,0 €,300 €,300 €,1,0101,010101,AT0101. Physical - Fraud,AT010101. Card Skimming,Thief,,2,R2. No,ET2. External fraud,ET21. External theft and fraud,,,R2. No,0 €,
1,BP14,1,BP14AT01,BP14AT0101,BP14AT010103. Cash Trapping,418.70,861.37,5,1,5,50,4,33.98,1,27,3,11,2,9,Customer,7-2-13 20:45,16-2-13 12:00,28-2-13 0:00,2014,fraudulent activity,CC4. External Events,4,I4. Retail store,Un criminal instala un dispositivo de cash trapping en el ATM junto a un cine 45 minutos antes del inicio de una película de éxito en taquilla. Cuando llega la hora de inicio de la película quita el dispositivo y extrae 135 €.,ES2. Closed,135 €,,135 €,1,0101,010103,AT0101. Physical - Fraud,AT010103. Cash Trapping,Thief,,0.75,R1. Yes,ET2. External fraud,ET21. External theft and fraud,,,R2. No,0 €,
1,BP15,1,BP15AT01,BP15AT0101,BP15AT010101. Card Skimming,307.26,861.07,7,1,5,52,2,8.06,3,42,2,6,2,9,Customer,5-9-11 6:30,16-9-11 10:00,30-9-11 12:00,2011,fraudulent activity,CC4. External Events,3,I3. Hole-in-the-Wall,"The data from nine clients were compromised and used to stole cash from atms.The atm has enought warn messages.
No device found over the atm.It is probably that a card reader overlay was used to perform the attack.A pin camera also was used.",ES2. Closed,"5,140 €",0 €,"5,140 €",1,0101,010101,AT0101. Physical - Fraud,AT010101. Card Skimming,Organized Criminal,,10,R1. Yes,ET2. External fraud,ET21. External theft and fraud,,,R2. No,0 €,
1,BPI03,1,BPI03AT01,BPI03AT0101,BPI03AT010103. Cash Trapping,521.55,1417.10,11,1,4,44,1,5.92,2,34,3,13,2,9,Customer,14-2-11 10:30,17-2-11 12:00,28-2-11 0:00,2014,fraudulent activity,CC4. External Events,1,I1. Bank Branches,2 criminales instalan un dispositivo de cash trapping en un ATM de un polígono industrial a las 10.45 am. A las 11.30 retiran el dispositivo y sustraen 15€.,ES2. Closed,15 €,,15 €,1,0101,010103,AT0101. Physical - Fraud,AT010103. Cash Trapping,Thief,,0.41,R1. Yes,ET2. External fraud,ET21. External theft and fraud,,,R2. No,0 €,
1,BPI04,1,BPI04AT01,BPI04AT0101,BPI04AT010103. Cash Trapping,640.77,932.50,7,0,5,50,1,0.16,2,35,2,5,2,9,Customer,26-11-12 18:00,30-11-12 10:00,31-12-12 0:00,2012,fraudulent activity,CC4. External Events,4,I4. Retail store,"1 criminal, en conjunto con el guarda de seguridad de un centro comercial, instala un dispositivo de cash trapping en el ATM de un centro comercial. El guarda manipula las cámaras para que el ejecutor del delito sea indetectable.  Después de dos horas quita el dispositivo y obtiene 150 €.",ES2. Closed,150 €,,150 €,1,0101,010103,AT0101. Physical - Fraud,AT010103. Cash Trapping,Thief,,2,R1. Yes,ET2. External fraud,ET21. External theft and fraud,,,R2. No,0 €,
1,BPI09,1,BPI09AT01,BPI09AT0101,BPI09AT010101. Card Skimming,521.55,1417.10,11,1,4,44,1,5.92,2,34,3,13,2,9,Maintenance Provider G,30-10-11 19:00,8-12-11 10:00,30-12-11 12:00,2014,Lack of Awareness cardholder,CC4. External Events,3,I3. Hole-in-the-Wall,"The atm was compromised with a little device that simulate a authentic atm camera,a magenetic card reader also was found.",ES2. Closed,"5,200 €",0 €,"5,200 €",1,0101,010101,AT0101. Physical - Fraud,AT010101. Card Skimming,Organized Criminal,,2,R1. Yes,ET2. External fraud,ET21. External theft and fraud,,,R2. No,0 €,
1,BPI13,1,BPI13AT02,BPI13AT0202,BPI13AT020201. ATM PC,589.26,675.14,5,1,4,42,2,9.56,2,33,2,9,2,9,Bank personal,1-8-14 22:00,1-8-14 22:01,1-9-14 0:00,2014,fraudulent activity ,CC4. External Events,1,I1. Bank Branches,"El ladrón fue capturado por el aviso proporcionado por el sensor de apertura de la puerta del atm, la cual fue forzada para tener acceso al ATM-PC. El coste de reparación de la cerradura de la puerta del ATM fue de 200 euros.",ES2. Closed,200 €,0 €,0 €,2,0202,020201,AT0202. Logical - Isolated ATM,AT020201. ATM PC,Thief,,0.8,R2. No,ET2. External fraud,ET22. System security ,,,R1. Yes,200 €,15-12-14 0:00
1,BPI24,1,BPI24AT01,BPI24AT0102,BPI24AT010201. Explosive & Gas,676.24,851.82,11,1,6,60,1,4.04,1,30,2,7,2,18,Police,1-1-11 6:30,1-1-11 7:00,30-1-11 0:00,2014,Break up the safe box and take the money,CC4. External Events,1,I1. Bank Branches,An ATMs was attacked at 6:30am with GAS generating heavy damage over the branch. The 2 perpetrators took 15.000 euros in cash but they were captured by police when they try to escape taking the highway and the cash was recovered.,ES2. Closed,"52,000 €","41,000 €","41,000 €",1,0102,010201,AT0102. Physical -No Fraud,AT010201. Explosive & Gas,Thief,,0.16,R2. No,ET2. External fraud,ET21. External theft and fraud,ET5. Damage to physical assets,ET51. Disaster and other events,R1. Yes,"52,000 €",12-5-11 0:00
1,BPI35,1,BPI35AT01,BPI35AT0101,BPI35AT010104. Transaction Reversal,573.97,694.24,21,1,3,36,1,0.44,3,42,2,7,4,28,Bank personal,30-11-13 18:00,31-11-13 15:00:00,31-12-13 0:00,2014,fraudulent activity,CC4. External Events,3,I3. Hole-in-the-Wall,Una banda organizada se dedica a robar tarjetas y a introducirlas para realizar acciones de transaction reversal. Consiguen 250€,ES2. Closed,250 €,,"3,000 €",1,0101,010104,AT0101. Physical - Fraud,AT010104. Transaction Reversal,Organized Criminal,,0.08,R1. Yes,ET2. External fraud,ET21. External theft and fraud,,,R2. No,,
1,BPI39,1,BPI39AT01,BPI39AT0101,BPI39AT010101. Card Skimming,676.24,851.82,11,1,6,60,1,4.04,1,30,2,7,2,18,Customer,9-9-13 10:00,9-9-13 19:30,30-7-13 12:00,2013,fraudulent activity,CC4. External Events,1,I1. Bank Branches,With a skimmer in the main door 19 cards were copied.The incident was detected due an fraud operation in internet.,ES2. Closed,580 €,0 €,580 €,1,0101,010101,AT0101. Physical - Fraud,AT010101. Card Skimming,Organized Criminal,,4,R1. Yes,ET2. External fraud,ET21. External theft and fraud,,,R2. No,0 €,
1,BPI54,1,BPI54AT01,BPI54AT0101,BPI54AT010103. Cash Trapping,691.51,928.84,21,1,3,34,4,30.75,3,41,3,11,2,18,Customer,25-8-15 11:30,30-8-15 15:00,31-8-15 0:00,2015,fraudulent activity,CC4. External Events,3,I3. Hole-in-the-Wall,"Un criminal instala un dispositivo de cash trapping en un ATM de un barrio de alto nivel socioeconómico un día de fiesta. Un segundo criminal finge hablar por teléfono en la puerta del cajero mientras vigila, tras pasar 4 personas, entra y desmonta el dispositivo obteniendo 170 €.",ES2. Closed,170 €,,170 €,1,0101,010103,AT0101. Physical - Fraud,AT010103. Cash Trapping,Thief,,0.6,R1. Yes,ET2. External fraud,ET21. External theft and fraud,,,R2. No,0 €,
1,BPI59,1,BPI59AT01,BPI59AT0101,BPI59AT010101. Card Skimming,488.69,516.17,5,1,5,48,2,14.95,2,34,2,9,2,9,Maintenance Provider H,19-4-10 15:00,29-4-10 16:00,30-5-10 12:00,2014,fraudulent activity,CC4. External Events,4,I4. Retail store,The atm in a very busy area was attacked with the help from the stuff.The attackers put a typical skimmer device nearby badge reader hole. 145 cars were cloned throught differents periods that the skimmers was enabled.,ES2. Closed,"16,300 €",0 €,"16,300 €",1,0101,010101,AT0101. Physical - Fraud,AT010101. Card Skimming,Organized Criminal,Disgruntled Employee,20,R1. Yes,ET2. External fraud,ET21. External theft and fraud,ET1. Internal fraud,ET12. Internal theft and fraud,R2. No,0 €,
1,BPI79,1,BPI79AT01,BPI79AT0101,BPI79AT010101. Card Skimming,488.69,516.17,5,1,5,48,2,14.95,2,34,2,9,2,9,Maintenance Provider I,10-7-10 12:15,10-7-10 12:20,30-7-10 12:00,2014,fraudulent activity,CC4. External Events,4,I4. Retail store,The anti skimming sensor from the atm alerted the attack condition and were found an copy device that contains and camera and card reader and keyboard.The atm was damaged because the manipulation.,ES2. Closed,"1,000 €",0 €,0 €,1,0101,010101,AT0101. Physical - Fraud,AT010101. Card Skimming,Organized Criminal,,0.08,R2. No,ET2. External fraud,ET21. External theft and fraud,,,R1. Yes,"1,000 €",
1,BPI84,1,BPI84AT01,BPI84AT0101,BPI84AT010102. Card Trapping,573.97,694.24,21,1,3,36,1,0.44,3,42,2,7,4,28,Customer,17-4-13 13:40,17-4-13 14:00,30/04/201  0:00:00,2014,fraudulent activity,CC4. External Events,1,I1. Bank Branches,"Una banda organizada, formada por hombres y mujeres coloca un dispositvo de card trapping en un ATM de una zona comercial en hora de compras. Una mujer, como gancho, finje esperar detrás de la víctima, ve su pin y lo pasa a otro componente de la banda que está esperando con un coche. Cuando el gancho le recomienda a la mujer que pregunte en la sucursal le quita la tarjeta y se sube al coche en busca de otro cajero del que sacar dinero. Consiguen 900 €.",ES2. Closed,900 €,,900 €,1,0101,010102,AT0101. Physical - Fraud,AT010102. Card Trapping,Organized Criminal,,0.16,R1. Yes,ET2. External fraud,ET21. External theft and fraud,,,R2. No,,
1,BPI97,1,BPI97AT01,BPI97AT0101,BPI97AT010102. Card Trapping,521.55,1417.10,11,1,4,44,1,5.92,2,34,3,13,2,9,Customer,6-10-14 11:00,7-10-14 12:00,31-10-14 0:00,2014,fraudulent activity,CC4. External Events,3,I3. Hole-in-the-Wall,"Un criminal coloca un dispositivo de card trapping en ATM de un polígono industrial a la hora del descanso. Cuando un cliente detecta que no sale su tarjeta llama por teléfono al banco, le informan que tendrá que venir un operario y que le avisará. Se marcha de nuevo a su puesto de trabajo, y en ese momento los criminales aprovechan para sacar la tarjeta y sacar el dinero. Consiguen 630 €.",ES2. Closed,630 €,,630 €,1,0101,010102,AT0101. Physical - Fraud,AT010102. Card Trapping,Thief,,0.41,R1. Yes,ET2. External fraud,ET21. External theft and fraud,,,R2. No,,
1,CCCAM06,1,CCCAM06AT01,CCCAM06AT0101,CCCAM06AT010104. Transaction Reversal,471.57,735.96,21,1,4,40,2,7.63,3,42,3,12,4,28,Bank personal,15-4-13 20:00,  16-4-13 15:00:00,30-4-13 0:00,2014,fraudulent activity,CC4. External Events,3,I3. Hole-in-the-Wall,Una banda organizada se dedica a robar tarjetas y a introducirlas para realizar acciones de transaction reversal. Consiguen 400€,ES2. Closed,400 €,,400 €,1,0101,010104,AT0101. Physical - Fraud,AT010104. Transaction Reversal,Organized Criminal,,0.08,R1. Yes,ET2. External fraud,ET21. External theft and fraud,,,R2. No,,
1,CCCAM07,1,CCCAM07AT01,CCCAM07AT0101,CCCAM07AT010103. Cash Trapping,623.77,1004.55,21,1,3,34,3,23.57,3,41,3,11,2,18,Customer,15-2-13 17:00,21-2-13 10:30,28-2-13 0:00,2013,fraudulent activity,CC4. External Events,1,I1. Bank Branches,"Una banda organizada coloca un dispositvo de cash trapping en un ATM en una zona turística frecuentada por extranjeros. Un gancho, finje esperar detrás de la víctima. Cuando el cliente observa que no sale el dinero, el gancho le informa de que probablemente el cajero esté estropeado y le insta a marcharse. Cuando los clientes se marchan sustraen el dinero. Repiten la operación unas cuantas veces.Consiguen 65 €.",ES2. Closed,65 €,,65 €,1,0101,010103,AT0101. Physical - Fraud,AT010103. Cash Trapping,Organized Criminal,,1,R1. Yes,ET2. External fraud,ET21. External theft and fraud,,,R2. No,0 €,
1,CGD03,1,CGD03AT01,CGD03AT0101,CGD03AT010101. Card Skimming,480.91,805.09,15,2,3,36,1,0.00,4,52,4,17,2,9,Maintenance Provider H,25-7-11 16:30,28-7-11 16:00,30-10-11 12:00,2014,Lack of Awareness cardholder,CC4. External Events,4,I4. Retail store,The atm in the retail store has a card reader bezel and a pinhole camera.The devices were used to perform an attack over 45 cards.The data captured includes pin and magnetic tracks.,ES2. Closed,"6,100 €",0 €,"6,100 €",1,0101,010101,AT0101. Physical - Fraud,AT010101. Card Skimming,Organized Criminal,,10,R1. Yes,ET2. External fraud,ET21. External theft and fraud,,,R2. No,0 €,
1,CGD23,1,CGD23AT01,CGD23AT0102,CGD23AT010201. Explosive & Gas,676.24,851.82,11,1,6,60,1,4.04,1,30,2,7,2,18,Police,29-12-13 3:40,29-12-13 4:00,30-1-14 0:00,2014,Break up the safe box and take the money,CC4. External Events,4,I4. Retail store,Two ATMs were attacked by GAS into the shopping mall. One of ATMs (25.000) was protected with dye pack and the notes were destroyed with ink. Other ATM (15.000) without dye pack had 10.000 euros and the perpetrators run away. The police could not take them. the damage on the infrastructure into the shopping mall were less than 6.000 euros,ES2. Closed,"50,000 €",0 €,0 €,1,0102,010201,AT0102. Physical -No Fraud,AT010201. Explosive & Gas,Organized Criminal,,0.03,R1. Yes,ET2. External fraud,ET21. External theft and fraud,ET5. Damage to physical assets,ET51. Disaster and other events,R1. Yes,"50,000 €",19-5-14 0:00
1,CGD34,1,CGD34AT01,CGD34AT0101,CGD34AT010101. Card Skimming,539.37,1003.95,7,1,5,52,1,4.32,2,38,2,8,2,9,Maintenance Provider E,4-3-12 13:00,4-3-12 15:00,30-3-12 12:00,2014,fraudulent activity,CC4. External Events,1,I1. Bank Branches,Four cards were copied with a usb skimmer.The device was found.The condition was detected by brach office stuff.The cards were used to stole cash from other atm.,ES2. Closed,"4,900 €",0 €,"4,900 €",1,0101,010101,AT0101. Physical - Fraud,AT010101. Card Skimming,Organized Criminal,,1,R1. Yes,ET2. External fraud,ET21. External theft and fraud,,,R2. No,0 €,
1,CGD60,1,CGD60AT01,CGD60AT0102,CGD60AT010201. Explosive & Gas,3.13,824.81,7,0,6,58,1,0.58,3,44,1,3,1,9,Police,29-11-13 3:00,29-11-13 3:10,29-11-13 8:00,2014,Break up the safe box and take the money,CC4. External Events,4,I4. Retail store,The ATM was destroyed and the infrastructure suffered physical damaged with a value of 32K euros. The police can not take the perpetrators. The perpetrators did not have enough time to take the money.,ES2. Closed,"15,000 €",0 €,0 €,1,0102,010201,AT0102. Physical -No Fraud,AT010201. Explosive & Gas,Organized Criminal,,0.1,R2. No,ET2. External fraud,ET21. External theft and fraud,ET5. Damage to physical assets,ET51. Disaster and other events,R1. Yes,"15,000 €",15-1-14 0:00
1,CGD70,1,CGD70AT01,CGD70AT0101,CGD70AT010102. Card Trapping,480.91,805.09,15,2,3,36,1,0.00,4,52,4,17,2,9,Customer,19-8-14 12:20,19-8-14 12:35,31-8-14 0:00,2014,fraudulent activity,CC4. External Events,1,I1. Bank Branches,"Una banda organizada coloca un dispositvo de card trapping en un ATM en una zona turística frecuentada por extranjeros. Un gancho, finje esperar detrás de la víctima, ve su pin y lo pasa a otro componente de la banda que está esperando con un coche. Cuando el gancho le recomienda al turista que pregunte en la sucursal le quita la tarjeta y se sube al coche en busca de otro cajero del que sacar dinero. Consiguen 970 €.",ES2. Closed,970 €,,970 €,1,0101,010102,AT0101. Physical - Fraud,AT010102. Card Trapping,Organized Criminal,,0.15,R1. Yes,ET2. External fraud,ET21. External theft and fraud,,,R2. No,,
1,CGD77,1,CGD77AT01,CGD77AT0101,CGD77AT010104. Transaction Reversal,855.04,1093.59,11,1,4,46,2,15.37,1,29,3,10,2,9,Bank personal,19-7-15 12:46,19-7-15 15:00,31-7-15 0:00,2014,fraudulent activity,CC4. External Events,3,I3. Hole-in-the-Wall,Un criminal se dedica a robar tarjetas a turistas mediante dispositivos de card trapping y relizar transaction reversal a continuación. ,ES2. Closed,220 €,,220 €,1,0101,010104,AT0101. Physical - Fraud,AT010104. Transaction Reversal,Thief,,0.1,R1. Yes,ET2. External fraud,ET21. External theft and fraud,,,R2. No,,
1,CGD93,1,CGD93AT01,CGD93AT0101,CGD93AT010103. Cash Trapping,676.24,851.82,11,1,6,60,1,4.04,1,30,2,7,2,18,Customer,17-8-12 11:00,20-8-12 16:00,31-8-12 0:00,2012,fraudulent activity,CC4. External Events,3,I3. Hole-in-the-Wall,"Un criminal instala un dispositivo de cash trapping en un ATM situado en una zona alejada de la gran urbe, de tal modo que la única manera de obtener dinero es sacar en ese ATM. Después de 3 horas, obtiene 100 €.",ES2. Closed,100 €,,100 €,1,0101,010103,AT0101. Physical - Fraud,AT010103. Cash Trapping,Thief,,3,R1. Yes,ET2. External fraud,ET21. External theft and fraud,,,R2. No,0 €,
1,CP02,1,CP02AT01,CP02AT0101,CP02AT010102. Card Trapping,709.07,1378.58,11,1,5,52,4,33.16,2,34,2,9,2,18,Customer,14-2-14 17:05,15-2-14 10:00,28-2-14 0:00,2014,fraudulent activity,CC4. External Events,3,I3. Hole-in-the-Wall,"Un criminal coloca un dispositivo de card trapping en ATM de una zona alejada de la urbe, por la tarde. Cuando un cliente detecta que no sale su tarjeta y llama, la única forma de recuperarla es al día siguiente. Se marcha y los criminales aprovechan para sacar la tarjeta y sacar el dinero. Consiguen 1000 €.",ES2. Closed,"1,000 €",,"1,000 €",1,0101,010102,AT0101. Physical - Fraud,AT010102. Card Trapping,Thief,,0.41,R1. Yes,ET2. External fraud,ET21. External theft and fraud,,,R2. No,,
1,CP15,1,CP15AT01,CP15AT0101,CP15AT010102. Card Trapping,779.91,1043.97,2,2,2,26,1,1.72,4,54,4,18,2,9,Customer,8-1-13 10:30,8-1-13 10:45,31-1-13 0:00,2013,fraudulent activity,CC4. External Events,1,I1. Bank Branches,"Un ATM situado en una sucursal tiene un dispositivo de card trapping. Cuando un usuario no consigue sacar la tarjeta, entra a la sucursal y el criminal aprovecha para quitarle la tarjeta del ATM. Realizan una transacción de 750 € antes de que el usuario pueda bloquear la tarjeta. ",ES2. Closed,750 €,,750 €,1,0101,010102,AT0101. Physical - Fraud,AT010102. Card Trapping,Thief,,0.41,R1. Yes,ET2. External fraud,ET21. External theft and fraud,,,R2. No,,
1,CP18,1,CP18AT02,CP18AT0202,CP18AT020202. Blackbox,754.87,1071.96,11,1,4,44,4,28.48,1,27,2,9,2,18,Retail store staff,15-8-15 11:00,16-8-15 9:00,30-9-15 0:00,2014,fraudulent activity and lack of physical controls,CC3. Processes,4,I4. Retail store,"Un grupo criminal sobornó a un empleado proveedora del mantenimiento de ATMs y le pagó por información confidencial de las rutas y clientes y las llaves del ATM para poder tener acceso a la parte interna del ATM. Adicionalmente, el grupo criminal se hizo pasar por empleados de la empresa de mantenimiento de ATMs y conectó la blackbox a diferentes ATMs el mismo día a la misma hora extrayendo 60000 euros",ES2. Closed,"60,000 €",0 €,"60,000 €",2,0202,020202,AT0202. Logical - Isolated ATM,AT020202. Blackbox,Organized Criminal,,1,R1. Yes,ET2. External fraud,ET22. System security ,ET1. Internal fraud,ET12. Internal theft and fraud,,,
1,CP23,1,CP23AT01,CP23AT0101,CP23AT010101. Card Skimming,754.87,1071.96,11,1,4,44,4,28.48,1,27,2,9,2,18,Maintenance Provider A,2-10-13 12:00,22-11-13 11:00,30-12-13 11:00,2014,Lack of Awareness cardholder,CC4. External Events,4,I4. Retail store,"The cards and credentials from 128 customers were compromised in a skimmer attack in gasoil station.No device were found,the authentic lector was manipulated and damaged.",ES2. Closed,"19,550 €",600 €,"20,150 €",1,0101,010101,AT0101. Physical - Fraud,AT010101. Card Skimming,Organized Criminal,Disgruntled Employee,96,R1. Yes,ET1. Internal fraud,ET12. Internal theft and fraud,ET2. External fraud,ET21. External theft and fraud,R2. No,0 €,
1,CP74,1,CP74AT01,CP74AT0101,CP74AT010103. Cash Trapping,779.91,1043.97,2,2,2,26,1,1.72,4,54,4,18,2,9,Retail Store staff,22-4-13 18:00,22-4-13 18:30,30-4-13 0:00,2013,fraudulent activity,CC4. External Events,4,I4. Retail store,"Un criminal instala un dispositivo de cash trapping en el ATM de un comercio. Después de algunos ataques de éxito, una mujer que intenta sacar dinero y no lo consigue pregunta a un guardia de seguridad del establecimiento. Al examinar el ATM, éste se da cuenta del dispositivo y avisa a la policía. El criminal huye.",ES2. Closed,0 €,,0 €,1,0101,010103,AT0101. Physical - Fraud,AT010103. Cash Trapping,Thief,,0.5,R2. No,ET2. External fraud,ET21. External theft and fraud,,,R2. No,0 €,
1,CP87,1,CP87AT01,CP87AT0101,CP87AT010103. Cash Trapping,701.61,995.96,11,1,5,52,4,26.89,1,28,3,12,2,9,Customer,3-9-14 12:00,10-9-14 11:30,30-9-14 0:00,2014,fraudulent activity,CC4. External Events,3,I3. Hole-in-the-Wall,"1 criminal instala un dispositivo de cash trapping en un ATM y se marcha. Mientras tanto, su compañero espera en un bar cercano observando la zona. Cuando han pasado las suficientes personas se acerca, quita el dispositivo y coge los 60 € sustraídos.",ES2. Closed,60 €,,60 €,1,0101,010103,AT0101. Physical - Fraud,AT010103. Cash Trapping,Thief,,1,R1. Yes,ET2. External fraud,ET21. External theft and fraud,,,R2. No,0 €,
1,CP93,1,CP93AT01,CP93AT0101,CP93AT010102. Card Trapping,497.08,601.36,15,2,3,34,3,19.17,4,53,3,13,2,9,Customer,15-9-10 11:30,15-9-10 11:45,31-10-10 0:00,2014,fraudulent activity,CC4. External Events,1,I1. Bank Branches,"Un criminal instala un dispositivo de cash trapping  y una cámara en un ATM. Cuando un usuario va a reclamar a la sucursal coge la tarjeta. Al haber visto por la cámara el pin, cosigue irse a otro cajero y sacar 900 €",ES2. Closed,900 €,,900 €,1,0101,010102,AT0101. Physical - Fraud,AT010102. Card Trapping,Thief,,,R1. Yes,ET2. External fraud,ET21. External theft and fraud,,,R2. No,,
1,IF11,1,IF11AT02,IF11AT0202,IF11AT020201. ATM PC,620.81,641.04,23,2,3,36,1,1.10,1,25,3,12,2,18,Maintenance Provider L,15-6-14 11:00,1-9-15 0:00,30-10-15 0:00,2014,"Staff awareness, social engineering attack",CC1. People,4,I4. Retail store,"Un empleado de la empresa encargada de dar mantenimiento a los ATMs, infectó un conjunto de ATMs con el malware TYUPKIN. El incidente fue identificado como resultado de actividades sospechosas que fueron detectadas por el supervisor.",ES2. Closed,"32,000 €",0 €,"32,000 €",2,0202,020201,AT0202. Logical - Isolated ATM,AT020201. ATM PC,Internal Spy,,0.25,R1. Yes,ET1. Internal fraud,ET12. Internal theft and fraud,,,,,
1,MG38,1,MG38AT01,MG38AT0102,MG38AT010201. Ram Raids,595.16,903.66,11,1,4,44,4,27.13,2,33,3,13,2,18,Police,25-2-10 23:10,26-2-10 7:30,31-3-10 0:00,,Robbery,CC4. External Events,1,I1. Bank Branches,"5 criminals took an ATM, destroying the infrastructure of the bank branch (15000 euros)",ES2. Closed,"30,000 €","15,000 €",0 €,1,0102,010201,AT0102. Physical -No Fraud,AT010201. Ram Raids,Organized Criminal,,0.03,R1. Yes,ET2. External fraud,ET21. External theft and fraud,,,R1. Yes,"45,000 €",30-6-10 0:00
1,MG41,1,MG41AT01,MG41AT0102,MG41AT010201. Burglary,595.16,903.66,11,1,4,44,4,27.13,2,33,3,13,2,18,Police,3-6-12 4:00,3-6-12 4:15,30-6-12 0:00,2014,Robbery,CC4. External Events,4,I4. Retail store,"2 criminals attacked an ATM located in a shopping mall, break in the ATM with a blunt object generating ATM damaged  by 5000 euros and taking 7000 euros from the cassettes however they were captured trying to escape.",ES2. Closed,"13,000 €",,0 €,1,0102,010201,AT0102. Physical -No Fraud,AT010201. Burglary,Thief,,0.09,R2. No,ET2. External fraud,ET21. External theft and fraud,,,R1. Yes,"13,000 €",30-11-12 0:00
1,MG45,1,MG45AT01,MG45AT0101,MG45AT010103. Cash Trapping,529.63,787.55,5,1,3,38,4,28.84,1,25,3,10,2,9,Customer,8-7-13 19:00,15-12-13 10:00,31-7-13 0:00,2014,fraudulent activity,CC4. External Events,3,I3. Hole-in-the-Wall,Un criminal instala un dispositivo de cash trapping en una zona comercial con varios restaurantes de comida rápida en día de ofertas. Después de dos horas obtiene 75 €.,ES2. Closed,75 €,,75 €,1,0101,010103,AT0101. Physical - Fraud,AT010103. Cash Trapping,Thief,,2,R1. Yes,ET2. External fraud,ET21. External theft and fraud,,,R2. No,0 €,
1,MG73,1,MG73AT01,MG73AT0101,MG73AT010101. Card Skimming,534.43,1040.16,7,0,6,60,4,28.17,2,38,1,2,2,9,Customer,1-6-10 10:15,30-6-10 13:00,30-7-10 12:00,2014,fraudulent activity,CC4. External Events,1,I1. Bank Branches,"Card reader from the main door was compromised.The authentic device was suplanted by a fake card slot,small cameras.32 cards were compromised.",ES2. Closed,"7,690 €",0 €,"7,690 €",1,0101,010101,AT0101. Physical - Fraud,AT010101. Card Skimming,Thief,,10,R1. Yes,ET2. External fraud,ET21. External theft and fraud,,,R2. No,0 €,
1,MG91,1,MG91AT01,MG91AT0101,MG91AT010103. Cash Trapping,532.58,867.19,15,1,5,50,3,24.80,4,55,3,13,2,18,Customer,5-10-14 16:30,10-10-14 10:00,31-10-14 0:00,2014,fraudulent activity,CC4. External Events,3,I3. Hole-in-the-Wall,"Un grupo criminal se dedica a poner dispositivos de cash trapping. Uno de  ellos lo coloca, otro   finalmente lo recoge junto con el dinero obtenido y se marchan en el coche de un tercero que vigila. El modus operandi tiene la finalidad de que ninguno de los criminales sea visto más de una vez por las cámaras. Repiten esta acción varias veces al día, durante franjas horarias pequeñas y en ATM diferentes para no ser detectados fácilmente. ",ES2. Closed,150 €,,150 €,1,0101,010103,AT0101. Physical - Fraud,AT010103. Cash Trapping,Organized Criminal,,3,R1. Yes,ET2. External fraud,ET21. External theft and fraud,,,R2. No,0 €,
1,NB03,1,NB03AT01,NB03AT0101,NB03AT010102. Card Trapping,724.47,1292.06,7,1,5,50,1,0.00,3,45,2,6,2,9,Customer,7-12-12 10:45,7-12-12 11:00,31-12-12 0:00,2015,fraudulent activity,CC4. External Events,1,I1. Bank Branches,"Un ATM de una zona céntrica tiene un dispositivo de card trapping, por la mañana. Cuando el cliente va a a avisar a la sucursal de que se ha quedado su tarjeta atrapada, los criminales que esperaban en un coche sacan la tarjeta y se la llevan al cajero más próximo para sacar dinero, sacan 1000 €.",ES2. Closed,"1,000 €",,"1,000 €",1,0101,010102,AT0101. Physical - Fraud,AT010102. Card Trapping,Thief,,0.3,R1. Yes,ET2. External fraud,ET21. External theft and fraud,,,R2. No,,
1,NB15,1,NB15AT01,NB15AT0101,NB15AT010103. Cash Trapping,550.33,853.58,11,1,4,44,3,17.01,1,30,3,13,2,18,Customer,25-6-11 18:15,25-6-11 20:00,30-6-11 0:00,2014,fraudulent activity,CC4. External Events,3,I3. Hole-in-the-Wall,"1 criminal coloca un dispositivo de cash trapping en un ATM en una zona comercial céntrica, lo que le permite permancer en comercios cercanos para llevar el control. Cuando detecta que ha pasado gente suficiente pro el ATM se acerca a recoger el dispositivo y el dinero, un total de 95€.  ",ES2. Closed,95 €,,95 €,1,0101,010103,AT0101. Physical - Fraud,AT010103. Cash Trapping,Thief,,0.5,R1. Yes,ET2. External fraud,ET21. External theft and fraud,,,R2. No,0 €,
1,NB16,1,NB16AT01,NB16AT0101,NB16AT010102. Card Trapping,476.39,1087.99,21,1,3,38,4,35.12,2,37,3,10,2,9,Customer,25-4-011 12:15,25-4-11 12:30,31-4-11 0:00,2014,fraudulent activity,CC4. External Events,1,I1. Bank Branches,"Un ATM situado en una sucursal tiene un dispositivo de card trapping. Cuando un usuario no consigue sacar la tarjeta, entra a la sucursal y el criminal aprovecha para quitarle la tarjeta del ATM. Realizan una transacción de 420 € antes de que el usuario pueda bloquear la tarjeta. ",ES2. Closed,420 €,,420 €,1,0101,010102,AT0101. Physical - Fraud,AT010102. Card Trapping,Thief,,0.3,R1. Yes,ET2. External fraud,ET21. External theft and fraud,,,R2. No,,
1,NB17,1,NB17AT01,NB17AT0102,NB17AT010201. Vandalism,587.16,671.55,23,2,3,36,1,1.10,1,25,3,12,2,18,Maintenance Provider A,19-10-12 17:00,20-10-12 10:00,31-12-12 0:00,2012,Strike,CC4. External Events,3,I3. Hole-in-the-Wall,"During the strike, some people destroyed the ATM, including the EPP, card reader, screen and general structure of the ATM. Also the group painted  the ATM and around the wall",ES2. Closed,"12,500 €",800 €,800 €,1,0102,010201,AT0102. Physical -No Fraud,AT010201. Vandalism,Radical Activist,Anarchist,0.15,R1. Yes,ET5. Damage to physical assets,ET51. Disaster and other events,,,R1. Yes,"12,500 €",30-11-12 0:00
1,NB22,1,NB22AT01,NB22AT0101,NB22AT010104. Transaction Reversal,690.27,1071.32,0,2,3,36,1,5.02,1,31,5,20,2,9,Bank personal,17-10-13 21:30,18-10-13 15:00,31-10-13 0:00,2013,fraudulent activity,CC4. External Events,3,I3. Hole-in-the-Wall,Una banda organizada se dedica a robar tarjetas y a introducirlas para realizar acciones de transaction reversal. Consiguen 600€,ES2. Closed,600 €,,600 €,1,0101,010104,AT0101. Physical - Fraud,AT010104. Transaction Reversal,Organized Criminal,,0.08,R1. Yes,ET2. External fraud,ET21. External theft and fraud,,,R2. No,,
1,NB36,1,NB36AT01,NB36AT0101,NB36AT010101. Card Skimming,690.27,1071.32,0,2,3,36,1,5.02,1,31,5,20,2,9,Customer,1-5-13 12:30,31-5-13 19:30,30-6-13 12:00,2013,fraudulent activity,CC4. External Events,3,I3. Hole-in-the-Wall,For some days el attacker put the external fake device combinated with a pin camera to capture 34 data cards.This cards were cloned and used to obtain cash.,ES2. Closed,"13,620 €",0 €,"13,620 €",1,0101,010101,AT0101. Physical - Fraud,AT010101. Card Skimming,Organized Criminal,,6,R1. Yes,ET2. External fraud,ET21. External theft and fraud,,,R2. No,0 €,
1,NB40,1,NB40AT02,NB40AT0202,NB40AT020202. Blackbox,676.24,851.82,11,1,6,60,1,4.04,1,30,2,7,2,18,Bank personal,23-8-15 22:00,24-8-15 8:35,1-9-15 0:00,2014,fraudulent activity ,CC4. External Events,1,I1. Bank Branches,"2 criminales abrieron la puerta del ATM sin forzarla, e instalaron un dispositivo blackbox a la dispensadora del ATM, extrayendo 15000 euros en billetes de 50. ",ES2. Closed,"15,000 €",0 €,"15,000 €",2,0202,020202,AT0202. Logical - Isolated ATM,AT020202. Blackbox,Organized Criminal,,0.4,R1. Yes,ET2. External fraud,ET22. System security ,,,,,
1,NB44,1,NB44AT01,NB44AT0101,NB44AT010103. Cash Trapping,690.27,1071.32,0,2,3,36,1,5.02,1,31,5,20,2,9,Customer,3-9-10 20:30,8-9-10 15:00,30-9-10 0:00,2010,fraudulent activity,CC4. External Events,3,I3. Hole-in-the-Wall,Un criminal instala un dispositivo de cash trapping en una zona poco transitada. Después de dos horas obtiene 160 €.,ES2. Closed,160 €,,160 €,1,0101,010103,AT0101. Physical - Fraud,AT010103. Cash Trapping,Thief,,2,R1. Yes,ET2. External fraud,ET21. External theft and fraud,,,R2. No,0 €,
1,NB45,1,NB45AT01,NB45AT0102,NB45AT010201. Burglary,602.46,860.69,7,1,5,50,3,21.30,3,45,2,6,2,9,Police,19-10-15 2:00,19-10-15 2:10,30-11-15 0:00,2014,Robbery,CC4. External Events,1,I1. Bank Branches,"1 criminal attacked an ATM located in a bank branch, break in the ATM with a blunt object generating ATM damaged  by 18000 euros. The criminal was captured when he tried to escape",ES2. Closed,"18,000 €",0 €,0 €,1,0102,010201,AT0102. Physical -No Fraud,AT010201. Burglary,Thief,,0.11,R2. No,ET2. External fraud,ET21. External theft and fraud,,,R1. Yes,"18,000 €",31-3-16 0:00
1,NB46,1,NB46AT01,NB46AT0101,NB46AT010103. Cash Trapping,550.33,853.58,11,1,4,44,3,17.01,1,30,3,13,2,18,Customer,3-12-12 20:30,7-12-12 17:00,31-12-12 0:00,2014,fraudulent activity,CC4. External Events,4,I4. Retail store,Un criminal instala un dispositivo de cash trapping en el ATM junto a un cine 45 minutos antes del inicio de una película de éxito en taquilla. Al inicio de la película quita el dispositivo y extrae 150 €.,ES2. Closed,150 €,,150 €,1,0101,010103,AT0101. Physical - Fraud,AT010103. Cash Trapping,Thief,,0.75,R1. Yes,ET2. External fraud,ET21. External theft and fraud,,,R2. No,0 €,
1,NB59,1,NB59AT01,NB59AT0101,NB59AT010101. Card Skimming,464.38,542.98,5,1,5,48,2,6.32,1,26,3,11,2,9,Customer,2-4-10 14:00,2-4-10 18:00,30-4-10 12:00,2014,fraudulent activity,CC4. External Events,1,I1. Bank Branches,"A customer warned about strange device in the atm,this device was catched by the bank stuff,A skimmer over the shoulder was found.The data was stoled by remote method.",ES2. Closed,"6,400 €",0 €,"6,400 €",1,0101,010101,AT0101. Physical - Fraud,AT010101. Card Skimming,Organized Criminal,,4,R1. Yes,ET2. External fraud,ET21. External theft and fraud,,,R2. No,0 €,
1,NB67,1,NB67AT01,NB67AT0101,NB67AT010103. Cash Trapping,724.47,1292.06,7,1,5,50,1,0.00,3,45,2,6,2,9,Customer,5-4-11 10:45,10-4-11 10:00,30-4-11 0:00,2011,fraudulent activity,CC4. External Events,3,I3. Hole-in-the-Wall,2 criminales instalan un dispositivo de cash trapping en un ATM de una zona financiera de oficinas a las 10.45 am. A las 11.30 retiran el dispositivo y sustraen 100€.,ES2. Closed,100 €,,100 €,1,0101,010103,AT0101. Physical - Fraud,AT010103. Cash Trapping,,,0.75,R1. Yes,ET2. External fraud,ET21. External theft and fraud,,,R2. No,0 €,
1,NB83,1,NB83AT01,NB83AT0101,NB83AT010102. Card Trapping,573.51,1378.47,7,0,6,68,1,0.00,2,40,1,4,2,9,Customer,19-11-13 9:00,19-11-13 9:15,30-11-13 0:00,2014,fraudulent activity,CC4. External Events,1,I1. Bank Branches,"Un ATM de una zona céntrica tiene un dispositivo de card trapping, por la mañana. Cuando el cliente va a a avisar a la sucursal de que se ha quedado su tarjeta atrapada, los criminales que esperaban en un coche sacan la tarjeta y se la llevan al cajero más próximo para sacar dinero, sacan 1000 €.",ES2. Closed,"1,000 €",,"1,000 €",1,0101,010102,AT0101. Physical - Fraud,AT010102. Card Trapping,Thief,,0.16,R1. Yes,ET2. External fraud,ET21. External theft and fraud,,,R2. No,,
1,NB92,1,NB92AT01,NB92AT0101,NB92AT010103. Cash Trapping,573.51,1378.47,7,0,6,68,1,0.00,2,40,1,4,2,9,Maintenance Provider,6-8-11 11:00,6-8-11 11:15,31-8-11 0:00,2014,frauduluent activity,CC4. External Events,3,I3. Hole-in-the-Wall,"1 criminal coloca un dispositivo de cash trapping en un ATM. Mientras espera a que llegue la primera víctima, llega un operario de mantenimiento del ATM que detecta el dispositivo y alerta a la policía y al banco. El criminal huye.",ES2. Closed,0 €,,0 €,1,0101,010103,AT0101. Physical - Fraud,AT010103. Cash Trapping,Thief,,0.25,R2. No,ET2. External fraud,ET21. External theft and fraud,,,R2. No,0 €,
1,NB93,1,NB93AT01,NB93AT0101,NB93AT010103. Cash Trapping,676.24,851.82,11,1,6,60,1,4.04,1,30,2,7,2,18,Customer,21-11-14 18:15,28-11-14 15:40,30-11-14 0:00,2014, fraudulent activity,CC4. External Events,3,I3. Hole-in-the-Wall,"Un criminal coloca un dispositivo de cash trapping en un ATM de una zona comercial y finge hablar por teléfono al lado del cajero. Cuando un usuario se da cuenta de no sale su dinero, el criminal que está hablando por telefono le informa de que el cajero no funciona bien.  El usuario se marcha y el criminal aprovecha para sacar el dinero. Consiguen 50 €. ",ES2. Closed,50 €,,50 €,1,0101,010103,AT0101. Physical - Fraud,AT010103. Cash Trapping,Thief,,0.25,R1. Yes,ET2. External fraud,ET21. External theft and fraud,,,R2. No,0 €,
1,NCI12,1,NCI12AT01,NCI12AT0101,NCI12AT010103. Cash Trapping,455.04,930.66,11,1,5,50,4,33.08,1,26,2,7,2,9,Customer,25-5-11 10:00,30-5-11 12:00,31-5-11 0:00,2014,fraudulent activity,CC4. External Events,3,I3. Hole-in-the-Wall,"Un grupo criminal se dedica a poner dispositivos de cash trapping. Uno de  ellos lo coloca, otro   finalmente lo recoge junto con el dinero obtenido y se marchan en el coche de un tercero que vigila. El modus operandi tiene la finalidad de que ninguno delos criminales sea visto más de una vez por las cámaras. Repiten esta acción varias veces al día, durante franjas horarias pequeñas y en ATM para no ser detectados fácilmente. ",ES2. Closed,200 €,,200 €,1,0101,010103,AT0101. Physical - Fraud,AT010103. Cash Trapping,Organized Criminal,,4,R1. Yes,ET2. External fraud,ET21. External theft and fraud,,,R2. No,0 €,
1,NCI16,1,NCI16AT01,NCI16AT0101,NCI16AT010101. Card Skimming,640.77,932.50,7,0,5,50,1,0.16,2,35,2,5,2,9,Customer,22-2-10 15:45,7-3-10 17:00,30-4-10 12:00,2010,fraudulent activity,CC4. External Events,3,I3. Hole-in-the-Wall,"An atm in a little visible area for the security cameras,was compromised with the colocation of a skimmer with a camera fo physical swap.In total about eight cards were compromised.",ES2. Closed,"5,030 €",0 €,"5,030 €",1,0101,010101,AT0101. Physical - Fraud,AT010101. Card Skimming,Organized Criminal,,4,R1. Yes,ET2. External fraud,ET21. External theft and fraud,,,R2. No,0 €,
1,NCI31,1,NCI31AT02,NCI31AT0201,NCI31AT020101. Malware installation,595.16,903.66,11,1,4,44,4,27.13,2,33,3,13,2,18,Maintenance Provider L,1-1-13 14:00,15-5-13 0:00,30-6-13 0:00,2015,Awareness admin,CC1. People,5,I5. Other,"El administrador de la red de ATM abrió un documento anexado en un correo malicioso desde su estación, lo que permitió que los atacantes pudiesen capturar información sensible relacionada a la gestión de la red de ATM y cargar de forma remota el malware PLOUTUS en 20 ATMs a nivel nacional, los cuales no contaban con end point security por desviaciones presupuestarias.  El malware fue detectado por casualidad al presentar fallas técnicas del software del cajero ajenas al malware.",ES2. Closed,"100,000 €",0 €,"100,000 €",2,0201,020101,AT0201. Logical - ATM Network,AT020101. Malware installation,Organized Criminal,,1440,R1. Yes,ET2. External fraud,ET22. System security ,ET1. Internal fraud,ET11. Unauthorized activity,,,
1,SI04,1,SI04AT01,SI04AT0101,SI04AT010103. Cash Trapping,691.67,857.74,21,1,3,38,3,25.68,2,37,3,10,2,9,Police,15-7-12 12:30,20-7-12 13:15,31-7-12 0:00,2012,fraudulent activity,CC4. External Events,1,I1. Bank Branches,"Un criminal coloca un dispositivo de cash trapping en un ATM a las 12.30 p.m. Cuando un cliente advierte que su dinero no sale, avisa al banco. Ante la alerta, el criminal aprovecha para sacar el dinero. Obtiene 157 €.",ES2. Closed,157 €,0 €,0 €,1,0101,010103,AT0101. Physical - Fraud,AT010103. Cash Trapping,Thief,,0.25,R1. Yes,ET2. External fraud,ET21. External theft and fraud,,,R2. No,157 €,
1,SI12,1,SI12AT01,SI12AT0101,SI12AT010103. Cash Trapping,676.24,851.82,11,1,6,60,1,4.04,1,30,2,7,2,18,Customer,3-1-11 17:30,10-1-11 20:00,31-1-11 0:00,2014,fraudulent activity,CC4. External Events,3,I3. Hole-in-the-Wall,"1 criminal instala un dispositivo de cash trapping en un ATM y se marcha. Mientras tanto, su compañero espera en un bar cercano observando la zona. Cuando han pasado las suficientes personas, se acerca, quita el dispositivo y coge los 80 € sustraídos.",ES2. Closed,80 €,,80 €,1,0101,010103,AT0101. Physical - Fraud,AT010103. Cash Trapping,Thief,,1.5,R1. Yes,ET2. External fraud,ET21. External theft and fraud,,,R2. No,0 €,
1,SI17,1,SI17AT01,SI17AT0102,SI17AT010201. Explosive & Gas,808.49,1379.22,11,1,5,52,1,1.56,2,34,2,9,2,18,Internal employee - Gas station,9-5-13 6:00,9-5-13 7:00,31-5-13 0:00,2014,Break up the safe box and take the money,CC4. External Events,4,I4. Retail store,"Three (3) people destroyed an ATM by GAS attacked located in a gas station and took 10.000 euros, however were captured by police when they tried to escape by the  highway. The gas station suffered physical damages in its infrastructure (42.000 euros)",ES2. Closed,"15,000 €",0 €,0 €,1,0102,010201,AT0102. Physical -No Fraud,AT010201. Explosive & Gas,Thief,,0.2,R2. No,ET2. External fraud,ET21. External theft and fraud,ET5. Damage to physical assets,ET51. Disaster and other events,R1. Yes,"15,000 €",1-11-13 0:00
1,ST13,1,ST13AT01,ST13AT0101,ST13AT010101. Card Skimming,550.33,853.58,11,1,4,44,3,17.01,1,30,3,13,2,18,Customer,1-4-12 18:00,25-5-12 10:00,30-6-12 12:00,2014,fraudulent activity,CC4. External Events,1,I1. Bank Branches,Among one week an skimmer was used to  compromise 56 cards.After that 86 unauthorized operations were done with this data in another atms,ES2. Closed,"5,550 €",0 €,"5,550 €",1,0101,010101,AT0101. Physical - Fraud,AT010101. Card Skimming,Organized Criminal,,4,R1. Yes,ET2. External fraud,ET21. External theft and fraud,,,R2. No,0 €,
1,ST15,1,ST15AT01,ST15AT0101,ST15AT010101. Card Skimming,924.80,1209.85,11,1,5,50,3,23.89,2,35,2,7,2,18,Maintenance Provider E,3-4-12 11:00,4-4-12 12:00,30-4-12 12:00,2014,fraudulent activity,CC4. External Events,5,I5. Other,The cards of 90 customers from the branch office were  found in a police operation.,ES2. Closed,"15,000 €",300 €,300 €,1,0101,010101,AT0101. Physical - Fraud,AT010101. Card Skimming,Organized Criminal,,16,R1. Yes,ET2. External fraud,ET21. External theft and fraud,,,R1. Yes,"15,000 €",4-4-12 12:00
1,ST18,1,ST18AT01,ST18AT0101,ST18AT010101. Card Skimming,640.77,932.50,7,0,5,50,1,0.16,2,35,2,5,2,9,Maintenance Provider D,5-8-14 16:00,7-8-14 16:00,30-8-14 11:00,2014,fraudulent activity,CC4. External Events,3,I3. Hole-in-the-Wall,24 cards were copied with a card skimmer in the atm.As a result 20 unauthorized transactions were made.,ES2. Closed,"4,900 €",0 €,"4,900 €",1,0101,010101,AT0101. Physical - Fraud,AT010101. Card Skimming,Thief,,48,R1. Yes,ET2. External fraud,ET21. External theft and fraud,,,R2. No,0 €,
1,ST21,1,ST21AT01,ST21AT0102,ST21AT010201. Explosive & Gas,14.26,852.82,5,1,5,56,2,8.06,2,33,3,10,2,9,Police,6-7-12 3:45,6-7-12 3:55,30-7-12 0:00,2014,Break up the safe box and take the money,CC4. External Events,4,I4. Retail store,"Three (3) people destroyed an ATM by GAS attacked located in a gas station and took 10.000 euros, however were captured by police when they tried to escape by the  highway. The gas station suffered physical damages in its infrastructure (42.000 euros)",ES2. Closed,"15,000 €",0 €,0 €,1,0102,010201,AT0102. Physical -No Fraud,AT010201. Explosive & Gas,Thief,,0.2,R2. No,ET2. External fraud,ET21. External theft and fraud,ET5. Damage to physical assets,ET51. Disaster and other events,R1. Yes,"15,000 €",15-10-12 0:00
1,ST28,1,ST28AT01,ST28AT0101,ST28AT010103. Cash Trapping,646.96,1101.62,7,1,6,58,1,0.00,2,37,1,4,2,9,Customer,17-5-13 18:45,23-5-13 17:00,31-5-13 0:00,2014,fraudulent activity,CC4. External Events,3,I3. Hole-in-the-Wall,"1 criminal coloca un dispositivo de cash trapping en un ATM en una zona comercial céntrica, lo que le permite permancer en comercios cercanos para llevar el control. Cuando detecta que ha pasado gente suficiente por el ATM se acerca a recoger el dispositivo y el dinero, un total de 50€.  ",ES2. Closed,50 €,,50 €,1,0101,010103,AT0101. Physical - Fraud,AT010103. Cash Trapping,Thief,,0.5,R1. Yes,ET2. External fraud,ET21. External theft and fraud,,,R2. No,0 €,
1,ST35,1,ST35AT01,ST35AT0101,ST35AT010104. Transaction Reversal,724.47,1292.06,7,1,5,50,1,0.00,3,45,2,6,2,9,Bank personal,23-8-15 13:00,23-8-15 15:00,31-8-15 0:00,2015,fraudulent activity,CC4. External Events,3,I3. Hole-in-the-Wall,Un criminal se dedica a robar tarjetas a turistas mediante dispositivos de card trapping y relizar transaction reversal a continuación. ,ES2. Closed,500 €,,500 €,1,0101,010104,AT0101. Physical - Fraud,AT010104. Transaction Reversal,Thief,,0.05,R1. Yes,ET2. External fraud,ET21. External theft and fraud,,,R2. No,,
1,ST40,1,ST40AT01,ST40AT0102,ST40AT010201. Ram Raids,776.71,1073.13,0,3,1,22,1,5.02,1,30,5,22,2,9,Retail store owner,3-6-12 4:00,3-6-12 4:15,30-6-12 0:00,2014,Robbery,CC4. External Events,4,I4. Retail store,"2 Criminals tried to extract an ATM , however the police  captured them leaving the gas station. The ATM suffered damaged by 10.000 euros and the infrastructure by 12000",ES2. Closed,"10,000 €",,0 €,1,0102,010201,AT0102. Physical -No Fraud,AT010201. Ram Raids,Thief,,0.3,R2. No,ET2. External fraud,ET21. External theft and fraud,,,R1. Yes,"10,000 €",15-10-12 0:00
1,ST47,1,ST47AT01,ST47AT0101,ST47AT010102. Card Trapping,924.80,1209.85,11,1,5,50,3,23.89,2,35,2,7,2,18,Customer,25-12-15 1:15,25-12-15 13:00,31-12-15 0:00,2015,fraudulent activity,CC4. External Events,3,I3. Hole-in-the-Wall,"Un ATM cerca de una zona de salidas nocturas tiene un dispositivo de card trapping. Los usuarios, al no poder hacer nada con su tarjeta, llaman por teléfono y en atención al cliente se les indica que esperen al día siguiente. Se marchan y el atacante aprovecha para sacar la tarjeta y efectuar transacciones. ",ES2. Closed,"1,000 €",,"1,000 €",1,0101,010102,AT0101. Physical - Fraud,AT010102. Card Trapping,Thief,,0.3,R1. Yes,ET2. External fraud,ET21. External theft and fraud,,,R2. No,,
1,ST48,1,ST48AT01,ST48AT0101,ST48AT010104. Transaction Reversal,452.66,979.39,11,1,5,54,4,28.44,2,32,2,7,2,18,Bank personal,5-11-12 0:00,5-11-12 15:00,30-11-12 0:00,2014,fraudulent activity,CC4. External Events,3,I3. Hole-in-the-Wall,"Un criminal introduce una tarjeta robada en un ATM. A continuación saca solo la mitad del dinero, de tal manera que el cajero vuelve a meterlo todo. Obtiene 550€",ES2. Closed,550 €,,550 €,1,0101,010104,AT0101. Physical - Fraud,AT010104. Transaction Reversal,Thief,,0.05,R1. Yes,ET2. External fraud,ET21. External theft and fraud,,,R2. No,,
1,ST63,1,ST63AT01,ST63AT0102,ST63AT010201. Ram Raids,630.12,1287.59,2,2,4,46,3,19.83,3,46,4,15,2,9,Retail store owner,19-10-11 2:00,19-10-11 2:10,30-11-11 0:00,2014,Robbery,CC4. External Events,4,I4. Retail store,"4 criminals attacked an ATM located in a gas station, using a steel cable attached to a truck. The infrastructure of the retail store suffered damages by 7000 euros",ES2. Closed,"16,000 €",,0 €,1,0102,010201,AT0102. Physical -No Fraud,AT010201. Ram Raids,Thief,,0.08,R1. Yes,ET2. External fraud,ET21. External theft and fraud,,,R1. Yes,"16,000 €",3-2-12 0:00